3682,"Hartsfield Jackson Atlanta International Airport","Atlanta","United States","ATL","KATL",33.6367,-84.428101,1026,-5,"A","America/New_York","airport","OurAirports"
3364,"Beijing Capital International Airport","Beijing","China","PEK","ZBAA",40.080101013183594,116.58499908447266,116,8,"U","Asia/Shanghai","airport","OurAirports"
2188,"Dubai International Airport","Dubai","United Arab Emirates","DXB","OMDB",25.2527999878,55.3643989563,62,4,"U","Asia/Dubai","airport","OurAirports"
3484,"Los Angeles International Airport","Los Angeles","United States","LAX","KLAX",33.94250107,-118.4079971,125,-8,"A","America/Los_Angeles","airport","OurAirports"
2359,"Tokyo Haneda International Airport","Tokyo","Japan","HND","RJTT",35.552299,139.779999,35,9,"U","Asia/Tokyo","airport","OurAirports"
3830,"Chicago O'Hare International Airport","Chicago","United States","ORD","KORD",41.9786,-87.9048,672,-6,"A","America/Chicago","airport","OurAirports"
507,"London Heathrow Airport","London","United Kingdom","LHR","EGLL",51.4706,-0.461941,83,0,"E","Europe/London","airport","OurAirports"
3077,"Hong Kong International Airport","Hong Kong","Hong Kong","HKG","VHHH",22.308901,113.915001,28,8,"U","Asia/Hong_Kong","airport","OurAirports"
3406,"Shanghai Pudong International Airport","Shanghai","China","PVG","ZSPD",31.143400192260742,121.80500030517578,13,8,"U","Asia/Shanghai","airport","OurAirports"
1382,"Charles de Gaulle International Airport","Paris","France","CDG","LFPG",49.012798,2.55,392,1,"E","Europe/Paris","airport","OurAirports"
580,"Amsterdam Airport Schiphol","Amsterdam","Netherlands","AMS","EHAM",52.308601,4.76389,-11,1,"E","Europe/Amsterdam","airport","OurAirports"
3093,"Indira Gandhi International Airport","Delhi","India","DEL","VIDP",28.5665,77.103104,777,5.5,"N","Asia/Calcutta","airport","OurAirports"
3370,"Guangzhou Baiyun International Airport","Guangzhou","China","CAN","ZGGG",23.39240074157715,113.29900360107422,50,8,"U","Asia/Shanghai","airport","OurAirports"
340,"Frankfurt am Main Airport","Frankfurt","Germany","FRA","EDDF",50.033333,8.570556,364,1,"E","Europe/Berlin","airport","OurAirports"
3670,"Dallas Fort Worth International Airport","Dallas-Fort Worth","United States","DFW","KDFW",32.896801,-97.038002,607,-6,"A","America/Chicago","airport","OurAirports"
3930,"Incheon International Airport","Seoul","South Korea","ICN","RKSI",37.46910095214844,126.45099639892578,23,9,"U","Asia/Seoul","airport","OurAirports"
1701,"Atatürk International Airport","Istanbul","Turkey","IST","LTBA",40.976898,28.8146,163,3,"E","Europe/Istanbul","airport","OurAirports"
3275,"Soekarno-Hatta International Airport","Jakarta","Indonesia","CGK","WIII",-6.1255698204,106.65599823,34,7,"N","Asia/Jakarta","airport","OurAirports"
3316,"Singapore Changi Airport","Singapore","Singapore","SIN","WSSS",1.35019,103.994003,22,8,"N","Asia/Singapore","airport","OurAirports"
3751,"Denver International Airport","Denver","United States","DEN","KDEN",39.861698150635,-104.672996521,5431,-7,"A","America/Denver","airport","OurAirports"
3797,"John F Kennedy International Airport","New York","United States","JFK","KJFK",40.63980103,-73.77890015,13,-5,"A","America/New_York","airport","OurAirports"
3878,"Orlando International Airport","Orlando","United States","MCO","KMCO",28.429399490356445,-81.30899810791016,96,-5,"A","America/New_York","airport","OurAirports"
2564,"Guarulhos - Governador André Franco Montoro International Airport","Sao Paulo","Brazil","GRU","SBGR",-23.435556411743164,-46.47305679321289,2459,-3,"S","America/Sao_Paulo","airport","OurAirports"
2618,"Congonhas Airport","Sao Paulo","Brazil","CGH","SBSP",-23.626110076904297,-46.65638732910156,2631,-3,"S","America/Sao_Paulo","airport","OurAirports"
2531,"Presidente Juscelino Kubistschek International Airport","Brasilia","Brazil","BSB","SBBR",-15.86916732788086,-47.920833587646484,3497,-3,"S","America/Sao_Paulo","airport","OurAirports"
2560,"Rio Galeão – Tom Jobim International Airport","Rio De Janeiro","Brazil","GIG","SBGL",-22.8099994659,-43.2505569458,28,-3,"S","America/Sao_Paulo","airport","OurAirports"
2612,"Santos Dumont Airport","Rio De Janeiro","Brazil","SDU","SBRJ",-22.910499572799996,-43.1631011963,11,-3,"S","America/Sao_Paulo","airport","OurAirports"
2578,"Viracopos International Airport","Campinas","Brazil","VCP","SBKP",-23.0074005127,-47.1344985962,2170,-3,"S","America/Sao_Paulo","airport","OurAirports"
2537,"Tancredo Neves International Airport","Belo Horizonte","Brazil","CNF","SBCF",-19.62444305419922,-43.97194290161133,2715,-3,"S","America/Sao_Paulo","airport","OurAirports"